[{"model": "contenttypes.contenttype", "pk": 1, "fields": {"app_label": "admin", "model": "logentry"}}, {"model": "contenttypes.contenttype", "pk": 2, "fields": {"app_label": "auth", "model": "permission"}}, {"model": "contenttypes.contenttype", "pk": 3, "fields": {"app_label": "auth", "model": "group"}}, {"model": "contenttypes.contenttype", "pk": 4, "fields": {"app_label": "contenttypes", "model": "contenttype"}}, {"model": "contenttypes.contenttype", "pk": 5, "fields": {"app_label": "sessions", "model": "session"}}, {"model": "contenttypes.contenttype", "pk": 6, "fields": {"app_label": "api", "model": "banner"}}, {"model": "contenttypes.contenttype", "pk": 7, "fields": {"app_label": "api", "model": "course"}}, {"model": "contenttypes.contenttype", "pk": 8, "fields": {"app_label": "api", "model": "coursecategory"}}, {"model": "contenttypes.contenttype", "pk": 9, "fields": {"app_label": "api", "model": "coursechapter"}}, {"model": "contenttypes.contenttype", "pk": 10, "fields": {"app_label": "api", "model": "nav"}}, {"model": "contenttypes.contenttype", "pk": 11, "fields": {"app_label": "api", "model": "teacher"}}, {"model": "contenttypes.contenttype", "pk": 12, "fields": {"app_label": "api", "model": "coursesection"}}, {"model": "contenttypes.contenttype", "pk": 13, "fields": {"app_label": "api", "model": "user"}}, {"model": "contenttypes.contenttype", "pk": 14, "fields": {"app_label": "xadmin", "model": "bookmark"}}, {"model": "contenttypes.contenttype", "pk": 15, "fields": {"app_label": "xadmin", "model": "usersettings"}}, {"model": "contenttypes.contenttype", "pk": 16, "fields": {"app_label": "xadmin", "model": "userwidget"}}, {"model": "contenttypes.contenttype", "pk": 17, "fields": {"app_label": "xadmin", "model": "log"}}, {"model": "contenttypes.contenttype", "pk": 18, "fields": {"app_label": "reversion", "model": "revision"}}, {"model": "contenttypes.contenttype", "pk": 19, "fields": {"app_label": "reversion", "model": "version"}}, {"model": "sessions.session", "pk": "s24pmktodrqsl7jxefyfywok80ooa0ej", "fields": {"session_data": "ZmVlY2Y3MGMyODU4ZmMwOGNhNjc4MTBhOTQyNGM2ZWU2NDI4NjUyZjp7Il9hdXRoX3VzZXJfaWQiOiIxIiwiX2F1dGhfdXNlcl9iYWNrZW5kIjoiZGphbmdvLmNvbnRyaWIuYXV0aC5iYWNrZW5kcy5Nb2RlbEJhY2tlbmQiLCJfYXV0aF91c2VyX2hhc2giOiI0ZjY3NmYwZjUzNGIzNmM0YWJhNzNhNjRhOGNiNzRmNDc2ZTc3Y2U0IiwiTElTVF9RVUVSWSI6W1siYXBpIiwiY291cnNlc2VjdGlvbiJdLCIiXX0=", "expire_date": "2019-09-19T05:08:25.121Z"}}, {"model": "api.banner", "pk": 1, "fields": {"orders": 1, "is_show": true, "is_delete": false, "created_time": "2019-09-04T07:21:15.015Z", "updated_time": "2019-09-04T07:21:15.015Z", "image": "banner/banner1_lFj5oeW.png", "name": "lunbo1", "note": "note1", "link": "/index"}}, {"model": "api.banner", "pk": 2, "fields": {"orders": 1, "is_show": true, "is_delete": false, "created_time": "2019-09-04T07:21:28.322Z", "updated_time": "2019-09-04T07:21:28.322Z", "image": "banner/banner2_YAtoiLE.png", "name": "lunbo2", "note": "note2", "link": "/course"}}, {"model": "api.banner", "pk": 3, "fields": {"orders": 1, "is_show": true, "is_delete": false, "created_time": "2019-09-04T07:21:42.015Z", "updated_time": "2019-09-04T07:21:42.015Z", "image": "banner/banner3_avxiTmQ.png", "name": "lunbo3", "note": "note3", "link": "/news"}}, {"model": "api.nav", "pk": 1, "fields": {"orders": 1, "is_show": true, "is_delete": false, "created_time": "2019-09-04T07:21:55.545Z", "updated_time": "2019-09-04T07:21:55.545Z", "name": "\u9996\u9875", "link": "/index", "opt": 0}}, {"model": "api.nav", "pk": 2, "fields": {"orders": 1, "is_show": true, "is_delete": false, "created_time": "2019-09-04T07:22:02.557Z", "updated_time": "2019-09-04T07:22:02.557Z", "name": "\u8bfe\u7a0b", "link": "/course", "opt": 0}}, {"model": "api.nav", "pk": 3, "fields": {"orders": 1, "is_show": true, "is_delete": false, "created_time": "2019-09-04T07:22:11.631Z", "updated_time": "2019-09-04T07:22:11.631Z", "name": "\u5fae\u804c\u4f4d", "link": "/micro", "opt": 0}}, {"model": "api.nav", "pk": 4, "fields": {"orders": 1, "is_show": true, "is_delete": false, "created_time": "2019-09-04T07:22:19.952Z", "updated_time": "2019-09-04T07:22:19.952Z", "name": "\u6df1\u79d1\u6280", "link": "/news", "opt": 0}}, {"model": "api.nav", "pk": 5, "fields": {"orders": 2, "is_show": true, "is_delete": false, "created_time": "2019-09-04T07:22:29.385Z", "updated_time": "2019-09-04T07:22:29.385Z", "name": "\u5173\u4e8e\u6211\u4eec", "link": "/index", "opt": 1}}, {"model": "api.nav", "pk": 6, "fields": {"orders": 2, "is_show": true, "is_delete": false, "created_time": "2019-09-04T07:22:36.638Z", "updated_time": "2019-09-04T07:22:36.638Z", "name": "\u8054\u7cfb\u6211\u4eec", "link": "/index", "opt": 1}}, {"model": "api.nav", "pk": 7, "fields": {"orders": 2, "is_show": true, "is_delete": false, "created_time": "2019-09-04T07:23:39.344Z", "updated_time": "2019-09-04T07:23:39.344Z", "name": "\u5546\u52a1\u5408\u4f5c", "link": "/index", "opt": 1}}, {"model": "api.nav", "pk": 8, "fields": {"orders": 2, "is_show": true, "is_delete": false, "created_time": "2019-09-04T07:23:49.144Z", "updated_time": "2019-09-04T07:23:49.144Z", "name": "\u5e2e\u52a9\u4e2d\u5fc3", "link": "/index", "opt": 1}}, {"model": "api.nav", "pk": 9, "fields": {"orders": 2, "is_show": true, "is_delete": false, "created_time": "2019-09-04T07:23:57.426Z", "updated_time": "2019-09-04T07:23:57.426Z", "name": "\u610f\u89c1\u53cd\u9988", "link": "/index", "opt": 1}}, {"model": "api.nav", "pk": 10, "fields": {"orders": 2, "is_show": true, "is_delete": false, "created_time": "2019-09-04T07:24:05.378Z", "updated_time": "2019-09-04T07:24:05.378Z", "name": "\u65b0\u624b\u6307\u5357", "link": "/index", "opt": 1}}, {"model": "api.coursecategory", "pk": 1, "fields": {"orders": 1, "is_show": true, "is_delete": false, "created_time": "2019-07-14T13:40:58.690Z", "updated_time": "2019-07-14T13:40:58.690Z", "name": "Python"}}, {"model": "api.coursecategory", "pk": 2, "fields": {"orders": 2, "is_show": true, "is_delete": false, "created_time": "2019-07-14T13:41:08.249Z", "updated_time": "2019-07-14T13:41:08.249Z", "name": "Linux"}}, {"model": "api.coursecategory", "pk": 3, "fields": {"orders": 2, "is_show": true, "is_delete": false, "created_time": "2019-09-05T04:22:50.520Z", "updated_time": "2019-09-05T04:22:50.520Z", "name": "\u673a\u5668\u5b66\u4e60"}}, {"model": "api.course", "pk": 1, "fields": {"orders": 1, "is_show": true, "is_delete": false, "created_time": "2019-07-14T13:54:33.095Z", "updated_time": "2019-07-14T13:54:33.095Z", "name": "Python\u5f00\u53d121\u5929\u5165\u95e8", "course_img": "courses/alex_python.png", "course_type": 0, "brief": "Python\u4ece\u5165\u95e8\u5230\u5165\u571f&&&Python\u4ece\u5165\u95e8\u5230\u5165\u571f&&&Python\u4ece\u5165\u95e8\u5230\u5165\u571f&&&Python\u4ece\u5165\u95e8\u5230\u5165\u571f&&&Python\u4ece\u5165\u95e8\u5230\u5165\u571f&&&Python\u4ece\u5165\u95e8\u5230\u5165\u571f&&&Python\u4ece\u5165\u95e8\u5230\u5165\u571f&&&Python\u4ece\u5165\u95e8\u5230\u5165\u571f&&&Python\u4ece\u5165\u95e8\u5230\u5165\u571f&&&Python\u4ece\u5165\u95e8\u5230\u5165\u571f&&&Python\u4ece\u5165\u95e8\u5230\u5165\u571f&&&Python\u4ece\u5165\u95e8\u5230\u5165\u571f", "level": 0, "period": 21, "attachment_path": "", "status": 0, "course_category": 1, "students": 231, "sections": 120, "pub_sections": 120, "price": "0.00", "teacher": 1}}, {"model": "api.course", "pk": 2, "fields": {"orders": 2, "is_show": true, "is_delete": false, "created_time": "2019-07-14T13:56:05.051Z", "updated_time": "2019-07-14T13:56:05.051Z", "name": "Python\u9879\u76ee\u5b9e\u6218", "course_img": "courses/mjj_python.png", "course_type": 0, "brief": "", "level": 1, "period": 30, "attachment_path": "", "status": 0, "course_category": 1, "students": 340, "sections": 120, "pub_sections": 120, "price": "99.00", "teacher": 2}}, {"model": "api.course", "pk": 3, "fields": {"orders": 3, "is_show": true, "is_delete": false, "created_time": "2019-07-14T13:57:21.190Z", "updated_time": "2019-09-04T09:07:55.632Z", "name": "Linux\u7cfb\u7edf\u57fa\u78405\u5468\u5165\u95e8\u7cbe\u8bb2", "course_img": "courses/lyy_linux.png", "course_type": 0, "brief": "linux\u5feb\u901f\u5165\u95e8", "level": 0, "period": 25, "attachment_path": "", "status": 0, "course_category": 2, "students": 219, "sections": 100, "pub_sections": 100, "price": "39.00", "teacher": 3}}, {"model": "api.course", "pk": 4, "fields": {"orders": 4, "is_show": true, "is_delete": false, "created_time": "2019-07-14T13:58:21.190Z", "updated_time": "2019-09-05T05:03:10.906Z", "name": "\u4ece\u96f6\u5f00\u59cb\u5b66\u7b97\u6cd5&\u6570\u636e\u7ed3\u6784", "course_img": "courses/AI2x_1567483301.224543.png", "course_type": 0, "brief": "", "level": 2, "period": 25, "attachment_path": "", "status": 0, "course_category": 3, "students": 232, "sections": 100, "pub_sections": 100, "price": "79.00", "teacher": 4}}, {"model": "api.teacher", "pk": 1, "fields": {"orders": 1, "is_show": true, "is_delete": false, "created_time": "2019-07-14T13:44:19.661Z", "updated_time": "2019-07-14T13:46:54.246Z", "name": "Alex", "role": 1, "title": "\u8001\u7537\u5b69Python\u6559\u5b66\u603b\u76d1", "signature": "\u91d1\u89d2\u5927\u738b", "image": "teacher/alex_icon.png", "brief": "\u8001\u7537\u5b69\u6559\u80b2CTO & CO-FOUNDER \u56fd\u5185\u77e5\u540dPYTHON\u8bed\u8a00\u63a8\u5e7f\u8005 51CTO\u5b66\u96622016\\2017\u5e74\u5ea6\u6700\u53d7\u5b66\u5458\u559c\u723110\u5927\u8bb2\u5e08\u4e4b\u4e00 \u591a\u6b3e\u5f00\u6e90\u8f6f\u4ef6\u4f5c\u8005 \u66fe\u4efb\u804c\u516c\u5b89\u90e8\u3001\u98de\u4fe1\u3001\u4e2d\u91d1\u516c\u53f8\u3001NOKIA\u4e2d\u56fd\u7814\u7a76\u9662\u3001\u534e\u5c14\u8857\u82f1\u8bed\u3001ADVENT\u3001\u6c7d\u8f66\u4e4b\u5bb6\u7b49\u516c\u53f8"}}, {"model": "api.teacher", "pk": 2, "fields": {"orders": 2, "is_show": true, "is_delete": false, "created_time": "2019-07-14T13:45:25.092Z", "updated_time": "2019-07-14T13:45:25.092Z", "name": "Mjj", "role": 0, "title": "\u524d\u7f8e\u56e2\u524d\u7aef\u9879\u76ee\u7ec4\u67b6\u6784\u5e08", "signature": null, "image": "teacher/mjj_icon.png", "brief": "\u662f\u9a6cJJ\u8001\u5e08, \u4e00\u4e2a\u96c6\u7f8e\u8c8c\u4e0e\u624d\u534e\u4e8e\u4e00\u8eab\u7684\u7537\u4eba\uff0c\u641e\u8fc7\u51e0\u5e74IOS\uff0c\u53c8\u8f6c\u4e86\u524d\u7aef\u5f00\u53d1\u51e0\u5e74\uff0c\u66fe\u5c31\u804c\u4e8e\u7f8e\u56e2\u7f51\u4efb\u9ad8\u7ea7\u524d\u7aef\u5f00\u53d1\uff0c\u540e\u6765\u56e0\u4e3a\u4e0d\u540c\u610f\u738b\u5174(\u7f8e\u56e2\u8001\u677f)\u7684\u6218\u7565\u5e03\u5c40\u800c\u51fa\u5bb6\u505a\u8001\u5e08\u53bb\u4e86\uff0c\u6709\u4e30\u5bcc\u7684\u6559\u5b66\u7ecf\u9a8c\uff0c\u5f00\u8d77\u8f66\u6765\u4e5f\u6beb\u4e0d\u542b\u7cca\u3002\u4e00\u76f4\u4e13\u6ce8\u5728\u524d\u7aef\u7684\u524d\u6cbf\u6280\u672f\u9886\u57df\u3002\u540c\u65f6\uff0c\u7231\u597d\u62bd\u70df\u3001\u559d\u9152\u3001\u70eb\u5934(\u9521\u7eb8\u70eb)\u3002 \u6211\u7684\u6700\u7231\u662f\u524d\u7aef\uff0c\u56e0\u4e3a\u524d\u7aef\u59b9\u5b50\u591a\u3002"}}, {"model": "api.teacher", "pk": 3, "fields": {"orders": 3, "is_show": true, "is_delete": false, "created_time": "2019-07-14T13:46:21.997Z", "updated_time": "2019-07-14T13:46:21.997Z", "name": "Lyy", "role": 0, "title": "\u8001\u7537\u5b69Linux\u5b66\u79d1\u5e26\u5934\u4eba", "signature": null, "image": "teacher/lyy_icon.png", "brief": "Linux\u8fd0\u7ef4\u6280\u672f\u4e13\u5bb6\uff0c\u8001\u7537\u5b69Linux\u91d1\u724c\u8bb2\u5e08\uff0c\u8bb2\u8bfe\u98ce\u8da3\u5e7d\u9ed8\u3001\u6df1\u5165\u6d45\u51fa\u3001\u58f0\u97f3\u6d2a\u4eae\u5230\u7206\u70b8"}}, {"model": "api.teacher", "pk": 4, "fields": {"orders": 1, "is_show": true, "is_delete": false, "created_time": "2019-09-05T04:53:47.736Z", "updated_time": "2019-09-05T04:53:47.736Z", "name": "Jason Zhao", "role": 1, "title": "\u6e05\u534e\u5927\u5b66\u8ba1\u7b97\u673a\u535a\u58eb", "signature": null, "image": "teacher/\u535a\u58eb3x_1517450125.4485447.png", "brief": "\u6e05\u534e\u5927\u5b66\u8ba1\u7b97\u673a\u535a\u58eb"}}, {"model": "api.coursechapter", "pk": 1, "fields": {"orders": 1, "is_show": true, "is_delete": false, "created_time": "2019-07-14T13:58:34.867Z", "updated_time": "2019-07-14T14:00:58.276Z", "course": 1, "chapter": 1, "name": "\u8ba1\u7b97\u673a\u539f\u7406", "summary": ""}}, {"model": "api.coursechapter", "pk": 2, "fields": {"orders": 2, "is_show": true, "is_delete": false, "created_time": "2019-07-14T13:58:48.051Z", "updated_time": "2019-07-14T14:01:22.024Z", "course": 1, "chapter": 2, "name": "\u73af\u5883\u642d\u5efa", "summary": ""}}, {"model": "api.coursechapter", "pk": 3, "fields": {"orders": 3, "is_show": true, "is_delete": false, "created_time": "2019-07-14T13:59:09.878Z", "updated_time": "2019-07-14T14:01:40.048Z", "course": 2, "chapter": 1, "name": "\u9879\u76ee\u521b\u5efa", "summary": ""}}, {"model": "api.coursechapter", "pk": 4, "fields": {"orders": 4, "is_show": true, "is_delete": false, "created_time": "2019-07-14T13:59:37.448Z", "updated_time": "2019-07-14T14:01:58.709Z", "course": 3, "chapter": 1, "name": "Linux\u73af\u5883\u521b\u5efa", "summary": ""}}, {"model": "api.coursechapter", "pk": 5, "fields": {"orders": 1, "is_show": true, "is_delete": false, "created_time": "2019-09-05T05:06:12.314Z", "updated_time": "2019-09-05T05:06:12.314Z", "course": 4, "chapter": 1, "name": "\u7b97\u6cd5\u57fa\u7840\u77e5\u8bc6", "summary": ""}}, {"model": "api.coursechapter", "pk": 6, "fields": {"orders": 1, "is_show": true, "is_delete": false, "created_time": "2019-09-05T05:06:27.585Z", "updated_time": "2019-09-05T05:06:27.585Z", "course": 4, "chapter": 2, "name": "\u5e38\u7528\u67e5\u627e\u4e0e\u6392\u5e8f\u7b97\u6cd5", "summary": ""}}, {"model": "api.coursesection", "pk": 1, "fields": {"is_show": true, "is_delete": false, "created_time": "2019-07-14T14:02:33.779Z", "updated_time": "2019-07-14T14:02:33.779Z", "chapter": 1, "name": "\u8ba1\u7b97\u673a\u539f\u7406\u4e0a", "orders": 1, "section_type": 2, "section_link": null, "duration": null, "free_trail": true}}, {"model": "api.coursesection", "pk": 2, "fields": {"is_show": true, "is_delete": false, "created_time": "2019-07-14T14:02:56.657Z", "updated_time": "2019-07-14T14:02:56.657Z", "chapter": 1, "name": "\u8ba1\u7b97\u673a\u539f\u7406\u4e0b", "orders": 2, "section_type": 2, "section_link": null, "duration": null, "free_trail": true}}, {"model": "api.coursesection", "pk": 3, "fields": {"is_show": true, "is_delete": false, "created_time": "2019-07-14T14:03:20.493Z", "updated_time": "2019-07-14T14:03:52.329Z", "chapter": 2, "name": "\u73af\u5883\u642d\u5efa\u4e0a", "orders": 1, "section_type": 2, "section_link": null, "duration": null, "free_trail": false}}, {"model": "api.coursesection", "pk": 4, "fields": {"is_show": true, "is_delete": false, "created_time": "2019-07-14T14:03:36.472Z", "updated_time": "2019-07-14T14:03:36.472Z", "chapter": 2, "name": "\u73af\u5883\u642d\u5efa\u4e0b", "orders": 2, "section_type": 2, "section_link": null, "duration": null, "free_trail": false}}, {"model": "api.coursesection", "pk": 5, "fields": {"is_show": true, "is_delete": false, "created_time": "2019-07-14T14:04:19.338Z", "updated_time": "2019-07-14T14:04:19.338Z", "chapter": 3, "name": "web\u9879\u76ee\u7684\u521b\u5efa", "orders": 1, "section_type": 2, "section_link": null, "duration": null, "free_trail": true}}, {"model": "api.coursesection", "pk": 6, "fields": {"is_show": true, "is_delete": false, "created_time": "2019-07-14T14:04:52.895Z", "updated_time": "2019-07-14T14:04:52.895Z", "chapter": 4, "name": "Linux\u7684\u73af\u5883\u642d\u5efa", "orders": 1, "section_type": 2, "section_link": null, "duration": null, "free_trail": true}}, {"model": "api.coursesection", "pk": 7, "fields": {"is_show": true, "is_delete": false, "created_time": "2019-09-05T05:07:12.044Z", "updated_time": "2019-09-05T05:07:12.044Z", "chapter": 5, "name": "\u7b97\u6cd5\u5165\u95e8\u6982\u5ff5", "orders": 1, "section_type": 2, "section_link": null, "duration": null, "free_trail": true}}, {"model": "api.coursesection", "pk": 8, "fields": {"is_show": true, "is_delete": false, "created_time": "2019-09-05T05:08:01.982Z", "updated_time": "2019-09-05T05:08:01.982Z", "chapter": 5, "name": "\u7b97\u6cd5\u8fd0\u884c\u6548\u7387\u4e0e\u65f6\u95f4\u590d\u6742\u5ea6", "orders": 2, "section_type": 2, "section_link": null, "duration": null, "free_trail": false}}, {"model": "api.coursesection", "pk": 9, "fields": {"is_show": true, "is_delete": false, "created_time": "2019-09-05T05:08:24.916Z", "updated_time": "2019-09-05T05:08:24.916Z", "chapter": 6, "name": "\u4e8c\u53c9\u67e5\u627e", "orders": 1, "section_type": 2, "section_link": null, "duration": null, "free_trail": true}}, {"model": "auth.permission", "pk": 1, "fields": {"name": "Can add log entry", "content_type": 1, "codename": "add_logentry"}}, {"model": "auth.permission", "pk": 2, "fields": {"name": "Can change log entry", "content_type": 1, "codename": "change_logentry"}}, {"model": "auth.permission", "pk": 3, "fields": {"name": "Can delete log entry", "content_type": 1, "codename": "delete_logentry"}}, {"model": "auth.permission", "pk": 4, "fields": {"name": "Can view log entry", "content_type": 1, "codename": "view_logentry"}}, {"model": "auth.permission", "pk": 5, "fields": {"name": "Can add permission", "content_type": 2, "codename": "add_permission"}}, {"model": "auth.permission", "pk": 6, "fields": {"name": "Can change permission", "content_type": 2, "codename": "change_permission"}}, {"model": "auth.permission", "pk": 7, "fields": {"name": "Can delete permission", "content_type": 2, "codename": "delete_permission"}}, {"model": "auth.permission", "pk": 8, "fields": {"name": "Can view permission", "content_type": 2, "codename": "view_permission"}}, {"model": "auth.permission", "pk": 9, "fields": {"name": "Can add group", "content_type": 3, "codename": "add_group"}}, {"model": "auth.permission", "pk": 10, "fields": {"name": "Can change group", "content_type": 3, "codename": "change_group"}}, {"model": "auth.permission", "pk": 11, "fields": {"name": "Can delete group", "content_type": 3, "codename": "delete_group"}}, {"model": "auth.permission", "pk": 12, "fields": {"name": "Can view group", "content_type": 3, "codename": "view_group"}}, {"model": "auth.permission", "pk": 13, "fields": {"name": "Can add content type", "content_type": 4, "codename": "add_contenttype"}}, {"model": "auth.permission", "pk": 14, "fields": {"name": "Can change content type", "content_type": 4, "codename": "change_contenttype"}}, {"model": "auth.permission", "pk": 15, "fields": {"name": "Can delete content type", "content_type": 4, "codename": "delete_contenttype"}}, {"model": "auth.permission", "pk": 16, "fields": {"name": "Can view content type", "content_type": 4, "codename": "view_contenttype"}}, {"model": "auth.permission", "pk": 17, "fields": {"name": "Can add session", "content_type": 5, "codename": "add_session"}}, {"model": "auth.permission", "pk": 18, "fields": {"name": "Can change session", "content_type": 5, "codename": "change_session"}}, {"model": "auth.permission", "pk": 19, "fields": {"name": "Can delete session", "content_type": 5, "codename": "delete_session"}}, {"model": "auth.permission", "pk": 20, "fields": {"name": "Can view session", "content_type": 5, "codename": "view_session"}}, {"model": "auth.permission", "pk": 21, "fields": {"name": "Can add \u8f6e\u64ad\u56fe", "content_type": 6, "codename": "add_banner"}}, {"model": "auth.permission", "pk": 22, "fields": {"name": "Can change \u8f6e\u64ad\u56fe", "content_type": 6, "codename": "change_banner"}}, {"model": "auth.permission", "pk": 23, "fields": {"name": "Can delete \u8f6e\u64ad\u56fe", "content_type": 6, "codename": "delete_banner"}}, {"model": "auth.permission", "pk": 24, "fields": {"name": "Can view \u8f6e\u64ad\u56fe", "content_type": 6, "codename": "view_banner"}}, {"model": "auth.permission", "pk": 25, "fields": {"name": "Can add \u8bfe\u7a0b", "content_type": 7, "codename": "add_course"}}, {"model": "auth.permission", "pk": 26, "fields": {"name": "Can change \u8bfe\u7a0b", "content_type": 7, "codename": "change_course"}}, {"model": "auth.permission", "pk": 27, "fields": {"name": "Can delete \u8bfe\u7a0b", "content_type": 7, "codename": "delete_course"}}, {"model": "auth.permission", "pk": 28, "fields": {"name": "Can view \u8bfe\u7a0b", "content_type": 7, "codename": "view_course"}}, {"model": "auth.permission", "pk": 29, "fields": {"name": "Can add \u5206\u7c7b", "content_type": 8, "codename": "add_coursecategory"}}, {"model": "auth.permission", "pk": 30, "fields": {"name": "Can change \u5206\u7c7b", "content_type": 8, "codename": "change_coursecategory"}}, {"model": "auth.permission", "pk": 31, "fields": {"name": "Can delete \u5206\u7c7b", "content_type": 8, "codename": "delete_coursecategory"}}, {"model": "auth.permission", "pk": 32, "fields": {"name": "Can view \u5206\u7c7b", "content_type": 8, "codename": "view_coursecategory"}}, {"model": "auth.permission", "pk": 33, "fields": {"name": "Can add \u7ae0\u8282", "content_type": 9, "codename": "add_coursechapter"}}, {"model": "auth.permission", "pk": 34, "fields": {"name": "Can change \u7ae0\u8282", "content_type": 9, "codename": "change_coursechapter"}}, {"model": "auth.permission", "pk": 35, "fields": {"name": "Can delete \u7ae0\u8282", "content_type": 9, "codename": "delete_coursechapter"}}, {"model": "auth.permission", "pk": 36, "fields": {"name": "Can view \u7ae0\u8282", "content_type": 9, "codename": "view_coursechapter"}}, {"model": "auth.permission", "pk": 37, "fields": {"name": "Can add \u5bfc\u822a", "content_type": 10, "codename": "add_nav"}}, {"model": "auth.permission", "pk": 38, "fields": {"name": "Can change \u5bfc\u822a", "content_type": 10, "codename": "change_nav"}}, {"model": "auth.permission", "pk": 39, "fields": {"name": "Can delete \u5bfc\u822a", "content_type": 10, "codename": "delete_nav"}}, {"model": "auth.permission", "pk": 40, "fields": {"name": "Can view \u5bfc\u822a", "content_type": 10, "codename": "view_nav"}}, {"model": "auth.permission", "pk": 41, "fields": {"name": "Can add \u5bfc\u5e08", "content_type": 11, "codename": "add_teacher"}}, {"model": "auth.permission", "pk": 42, "fields": {"name": "Can change \u5bfc\u5e08", "content_type": 11, "codename": "change_teacher"}}, {"model": "auth.permission", "pk": 43, "fields": {"name": "Can delete \u5bfc\u5e08", "content_type": 11, "codename": "delete_teacher"}}, {"model": "auth.permission", "pk": 44, "fields": {"name": "Can view \u5bfc\u5e08", "content_type": 11, "codename": "view_teacher"}}, {"model": "auth.permission", "pk": 45, "fields": {"name": "Can add \u8bfe\u65f6", "content_type": 12, "codename": "add_coursesection"}}, {"model": "auth.permission", "pk": 46, "fields": {"name": "Can change \u8bfe\u65f6", "content_type": 12, "codename": "change_coursesection"}}, {"model": "auth.permission", "pk": 47, "fields": {"name": "Can delete \u8bfe\u65f6", "content_type": 12, "codename": "delete_coursesection"}}, {"model": "auth.permission", "pk": 48, "fields": {"name": "Can view \u8bfe\u65f6", "content_type": 12, "codename": "view_coursesection"}}, {"model": "auth.permission", "pk": 49, "fields": {"name": "Can add \u7528\u6237", "content_type": 13, "codename": "add_user"}}, {"model": "auth.permission", "pk": 50, "fields": {"name": "Can change \u7528\u6237", "content_type": 13, "codename": "change_user"}}, {"model": "auth.permission", "pk": 51, "fields": {"name": "Can delete \u7528\u6237", "content_type": 13, "codename": "delete_user"}}, {"model": "auth.permission", "pk": 52, "fields": {"name": "Can view \u7528\u6237", "content_type": 13, "codename": "view_user"}}, {"model": "auth.permission", "pk": 53, "fields": {"name": "Can add Bookmark", "content_type": 14, "codename": "add_bookmark"}}, {"model": "auth.permission", "pk": 54, "fields": {"name": "Can change Bookmark", "content_type": 14, "codename": "change_bookmark"}}, {"model": "auth.permission", "pk": 55, "fields": {"name": "Can delete Bookmark", "content_type": 14, "codename": "delete_bookmark"}}, {"model": "auth.permission", "pk": 56, "fields": {"name": "Can view Bookmark", "content_type": 14, "codename": "view_bookmark"}}, {"model": "auth.permission", "pk": 57, "fields": {"name": "Can add User Setting", "content_type": 15, "codename": "add_usersettings"}}, {"model": "auth.permission", "pk": 58, "fields": {"name": "Can change User Setting", "content_type": 15, "codename": "change_usersettings"}}, {"model": "auth.permission", "pk": 59, "fields": {"name": "Can delete User Setting", "content_type": 15, "codename": "delete_usersettings"}}, {"model": "auth.permission", "pk": 60, "fields": {"name": "Can view User Setting", "content_type": 15, "codename": "view_usersettings"}}, {"model": "auth.permission", "pk": 61, "fields": {"name": "Can add User Widget", "content_type": 16, "codename": "add_userwidget"}}, {"model": "auth.permission", "pk": 62, "fields": {"name": "Can change User Widget", "content_type": 16, "codename": "change_userwidget"}}, {"model": "auth.permission", "pk": 63, "fields": {"name": "Can delete User Widget", "content_type": 16, "codename": "delete_userwidget"}}, {"model": "auth.permission", "pk": 64, "fields": {"name": "Can view User Widget", "content_type": 16, "codename": "view_userwidget"}}, {"model": "auth.permission", "pk": 65, "fields": {"name": "Can add log entry", "content_type": 17, "codename": "add_log"}}, {"model": "auth.permission", "pk": 66, "fields": {"name": "Can change log entry", "content_type": 17, "codename": "change_log"}}, {"model": "auth.permission", "pk": 67, "fields": {"name": "Can delete log entry", "content_type": 17, "codename": "delete_log"}}, {"model": "auth.permission", "pk": 68, "fields": {"name": "Can view log entry", "content_type": 17, "codename": "view_log"}}, {"model": "auth.permission", "pk": 69, "fields": {"name": "Can add revision", "content_type": 18, "codename": "add_revision"}}, {"model": "auth.permission", "pk": 70, "fields": {"name": "Can change revision", "content_type": 18, "codename": "change_revision"}}, {"model": "auth.permission", "pk": 71, "fields": {"name": "Can delete revision", "content_type": 18, "codename": "delete_revision"}}, {"model": "auth.permission", "pk": 72, "fields": {"name": "Can view revision", "content_type": 18, "codename": "view_revision"}}, {"model": "auth.permission", "pk": 73, "fields": {"name": "Can add version", "content_type": 19, "codename": "add_version"}}, {"model": "auth.permission", "pk": 74, "fields": {"name": "Can change version", "content_type": 19, "codename": "change_version"}}, {"model": "auth.permission", "pk": 75, "fields": {"name": "Can delete version", "content_type": 19, "codename": "delete_version"}}, {"model": "auth.permission", "pk": 76, "fields": {"name": "Can view version", "content_type": 19, "codename": "view_version"}}, {"model": "api.user", "pk": 1, "fields": {"password": "pbkdf2_sha256$150000$Tfl9In7bH4pW$WTb6oojAzhScAU5SoN5OKZSd08JG8I6edRUHKdUC7x4=", "last_login": "2019-09-04T07:20:24.568Z", "is_superuser": true, "username": "admin", "first_name": "", "last_name": "", "email": "", "is_staff": true, "is_active": true, "date_joined": "2019-09-04T07:20:16.971Z", "mobile": "", "avatar": "", "groups": [], "user_permissions": []}}, {"model": "api.user", "pk": 2, "fields": {"password": "pbkdf2_sha256$150000$CEkKLY3d7bpv$xFO5hi8VZhjDZITrAj8J1GRIpTYKJC2QkP6DvShIVLE=", "last_login": null, "is_superuser": false, "username": "13729805358", "first_name": "", "last_name": "", "email": "", "is_staff": false, "is_active": true, "date_joined": "2019-09-04T07:26:05.851Z", "mobile": "13729805358", "avatar": "", "groups": [], "user_permissions": []}}, {"model": "xadmin.usersettings", "pk": 1, "fields": {"user": 1, "key": "dashboard:home:pos", "value": ""}}, {"model": "xadmin.log", "pk": 1, "fields": {"action_time": "2019-09-04T07:21:15.018Z", "user": 1, "ip_addr": "127.0.0.1", "content_type": 6, "object_id": "1", "object_repr": "lunbo1", "action_flag": "create", "message": "Added."}}, {"model": "xadmin.log", "pk": 2, "fields": {"action_time": "2019-09-04T07:21:28.326Z", "user": 1, "ip_addr": "127.0.0.1", "content_type": 6, "object_id": "2", "object_repr": "lunbo2", "action_flag": "create", "message": "Added."}}, {"model": "xadmin.log", "pk": 3, "fields": {"action_time": "2019-09-04T07:21:42.020Z", "user": 1, "ip_addr": "127.0.0.1", "content_type": 6, "object_id": "3", "object_repr": "lunbo3", "action_flag": "create", "message": "Added."}}, {"model": "xadmin.log", "pk": 4, "fields": {"action_time": "2019-09-04T07:21:55.546Z", "user": 1, "ip_addr": "127.0.0.1", "content_type": 10, "object_id": "1", "object_repr": "\u9996\u9875", "action_flag": "create", "message": "Added."}}, {"model": "xadmin.log", "pk": 5, "fields": {"action_time": "2019-09-04T07:22:02.558Z", "user": 1, "ip_addr": "127.0.0.1", "content_type": 10, "object_id": "2", "object_repr": "\u8bfe\u7a0b", "action_flag": "create", "message": "Added."}}, {"model": "xadmin.log", "pk": 6, "fields": {"action_time": "2019-09-04T07:22:11.633Z", "user": 1, "ip_addr": "127.0.0.1", "content_type": 10, "object_id": "3", "object_repr": "\u5fae\u804c\u4f4d", "action_flag": "create", "message": "Added."}}, {"model": "xadmin.log", "pk": 7, "fields": {"action_time": "2019-09-04T07:22:19.954Z", "user": 1, "ip_addr": "127.0.0.1", "content_type": 10, "object_id": "4", "object_repr": "\u6df1\u79d1\u6280", "action_flag": "create", "message": "Added."}}, {"model": "xadmin.log", "pk": 8, "fields": {"action_time": "2019-09-04T07:22:29.387Z", "user": 1, "ip_addr": "127.0.0.1", "content_type": 10, "object_id": "5", "object_repr": "\u5173\u4e8e\u6211\u4eec", "action_flag": "create", "message": "Added."}}, {"model": "xadmin.log", "pk": 9, "fields": {"action_time": "2019-09-04T07:22:36.639Z", "user": 1, "ip_addr": "127.0.0.1", "content_type": 10, "object_id": "6", "object_repr": "\u8054\u7cfb\u6211\u4eec", "action_flag": "create", "message": "Added."}}, {"model": "xadmin.log", "pk": 10, "fields": {"action_time": "2019-09-04T07:23:39.345Z", "user": 1, "ip_addr": "127.0.0.1", "content_type": 10, "object_id": "7", "object_repr": "\u5546\u52a1\u5408\u4f5c", "action_flag": "create", "message": "Added."}}, {"model": "xadmin.log", "pk": 11, "fields": {"action_time": "2019-09-04T07:23:49.146Z", "user": 1, "ip_addr": "127.0.0.1", "content_type": 10, "object_id": "8", "object_repr": "\u5e2e\u52a9\u4e2d\u5fc3", "action_flag": "create", "message": "Added."}}, {"model": "xadmin.log", "pk": 12, "fields": {"action_time": "2019-09-04T07:23:57.427Z", "user": 1, "ip_addr": "127.0.0.1", "content_type": 10, "object_id": "9", "object_repr": "\u610f\u89c1\u53cd\u9988", "action_flag": "create", "message": "Added."}}, {"model": "xadmin.log", "pk": 13, "fields": {"action_time": "2019-09-04T07:24:05.380Z", "user": 1, "ip_addr": "127.0.0.1", "content_type": 10, "object_id": "10", "object_repr": "\u65b0\u624b\u6307\u5357", "action_flag": "create", "message": "Added."}}, {"model": "xadmin.log", "pk": 14, "fields": {"action_time": "2019-09-04T09:07:55.634Z", "user": 1, "ip_addr": "127.0.0.1", "content_type": 7, "object_id": "3", "object_repr": "Linux\u7cfb\u7edf\u57fa\u78405\u5468\u5165\u95e8\u7cbe\u8bb2", "action_flag": "change", "message": "Changed brief."}}, {"model": "xadmin.log", "pk": 15, "fields": {"action_time": "2019-09-05T04:22:50.521Z", "user": 1, "ip_addr": "127.0.0.1", "content_type": 8, "object_id": "3", "object_repr": "\u673a\u5668\u5b66\u4e60", "action_flag": "create", "message": "Added."}}, {"model": "xadmin.log", "pk": 16, "fields": {"action_time": "2019-09-05T04:52:06.130Z", "user": 1, "ip_addr": "127.0.0.1", "content_type": 7, "object_id": "4", "object_repr": "\u4ece\u96f6\u5f00\u59cb\u5b66\u7b97\u6cd5&\u6570\u636e\u7ed3\u6784", "action_flag": "create", "message": "Added."}}, {"model": "xadmin.log", "pk": 17, "fields": {"action_time": "2019-09-05T04:53:47.762Z", "user": 1, "ip_addr": "127.0.0.1", "content_type": 11, "object_id": "4", "object_repr": "Jason Zhao", "action_flag": "create", "message": "Added."}}, {"model": "xadmin.log", "pk": 18, "fields": {"action_time": "2019-09-05T04:54:08.526Z", "user": 1, "ip_addr": "127.0.0.1", "content_type": 7, "object_id": "4", "object_repr": "\u4ece\u96f6\u5f00\u59cb\u5b66\u7b97\u6cd5&\u6570\u636e\u7ed3\u6784", "action_flag": "change", "message": "Changed teacher."}}, {"model": "xadmin.log", "pk": 19, "fields": {"action_time": "2019-09-05T04:56:07.699Z", "user": 1, "ip_addr": "127.0.0.1", "content_type": 7, "object_id": "4", "object_repr": "\u4ece\u96f6\u5f00\u59cb\u5b66\u7b97\u6cd5&\u6570\u636e\u7ed3\u6784", "action_flag": "delete", "message": ""}}, {"model": "xadmin.log", "pk": 20, "fields": {"action_time": "2019-09-05T05:03:10.926Z", "user": 1, "ip_addr": "127.0.0.1", "content_type": 7, "object_id": "4", "object_repr": "\u4ece\u96f6\u5f00\u59cb\u5b66\u7b97\u6cd5&\u6570\u636e\u7ed3\u6784", "action_flag": "change", "message": "Changed course_img."}}, {"model": "xadmin.log", "pk": 21, "fields": {"action_time": "2019-09-05T05:06:12.315Z", "user": 1, "ip_addr": "127.0.0.1", "content_type": 9, "object_id": "5", "object_repr": "\u4ece\u96f6\u5f00\u59cb\u5b66\u7b97\u6cd5&\u6570\u636e\u7ed3\u6784:(\u7b2c1\u7ae0)\u7b97\u6cd5\u57fa\u7840\u77e5\u8bc6", "action_flag": "create", "message": "Added."}}, {"model": "xadmin.log", "pk": 22, "fields": {"action_time": "2019-09-05T05:06:27.586Z", "user": 1, "ip_addr": "127.0.0.1", "content_type": 9, "object_id": "6", "object_repr": "\u4ece\u96f6\u5f00\u59cb\u5b66\u7b97\u6cd5&\u6570\u636e\u7ed3\u6784:(\u7b2c2\u7ae0)\u5e38\u7528\u67e5\u627e\u4e0e\u6392\u5e8f\u7b97\u6cd5", "action_flag": "create", "message": "Added."}}, {"model": "xadmin.log", "pk": 23, "fields": {"action_time": "2019-09-05T05:07:12.045Z", "user": 1, "ip_addr": "127.0.0.1", "content_type": 12, "object_id": "7", "object_repr": "\u4ece\u96f6\u5f00\u59cb\u5b66\u7b97\u6cd5&\u6570\u636e\u7ed3\u6784:(\u7b2c1\u7ae0)\u7b97\u6cd5\u57fa\u7840\u77e5\u8bc6-\u7b97\u6cd5\u5165\u95e8\u6982\u5ff5", "action_flag": "create", "message": "Added."}}, {"model": "xadmin.log", "pk": 24, "fields": {"action_time": "2019-09-05T05:08:01.984Z", "user": 1, "ip_addr": "127.0.0.1", "content_type": 12, "object_id": "8", "object_repr": "\u4ece\u96f6\u5f00\u59cb\u5b66\u7b97\u6cd5&\u6570\u636e\u7ed3\u6784:(\u7b2c1\u7ae0)\u7b97\u6cd5\u57fa\u7840\u77e5\u8bc6-\u7b97\u6cd5\u8fd0\u884c\u6548\u7387\u4e0e\u65f6\u95f4\u590d\u6742\u5ea6", "action_flag": "create", "message": "Added."}}, {"model": "xadmin.log", "pk": 25, "fields": {"action_time": "2019-09-05T05:08:24.917Z", "user": 1, "ip_addr": "127.0.0.1", "content_type": 12, "object_id": "9", "object_repr": "\u4ece\u96f6\u5f00\u59cb\u5b66\u7b97\u6cd5&\u6570\u636e\u7ed3\u6784:(\u7b2c2\u7ae0)\u5e38\u7528\u67e5\u627e\u4e0e\u6392\u5e8f\u7b97\u6cd5-\u4e8c\u53c9\u67e5\u627e", "action_flag": "create", "message": "Added."}}]